# TI's operand text per instruction, and the template derived from it by
# probing each operand independently. `{N}` is our operand N, and
# `{N:@AH|AL}` the registers TI marks with `@` when N is register-direct.
#
# Regenerate: nix develop -c python3 scripts/probe_operands.py
#
# name	mnemonic	template	probed_text
ABORTI	ABORTI		
ABSF32_RAH_RBH	ABSF32	{0}, {1}	R1H, R1H
ABSTC_ACC	ABSTC	ACC	ACC
ABS_ACC	ABS	ACC	ACC
ADDB_ACC_CONST8	ADDB	ACC, {0:d}	ACC, #1
ADDB_AX_CONST8	ADDB	{0}, {1:d}	AL, #1
ADDB_SP_CONST7	ADDB	SP, {0:d}	SP, #1
ADDB_XARN_CONST7	ADDB	{0}, {1:d}	XAR1, #1
ADDCL_ACC_LOC32	ADDCL	ACC, {0}	ACC, @0x1
ADDCU_ACC_LOC16	ADDCU	ACC, {0}	ACC, @0x1
ADDF32_MOV32_LOAD	ADDF32	{0}, {1}, {2}	R1H, R1H, R1H
ADDF32_MOV32_STORE	ADDF32	{0}, {1}, {2}	R1H, R1H, R1H
ADDF32_RAH_16FHI_RBH	ADDF32	{0}, {2}, {1}	R1H, #0x1, R1H
ADDF32_RAH_RBH_RCH	ADDF32	{0}, {1}, {2}	R1H, R1H, R1H
ADDL_ACC_LOC32	ADDL	ACC, {0}	ACC, @0x1
ADDL_LOC32_ACC	ADDL	{0}, ACC	@0x1, ACC
ADDUL_ACC_LOC32	ADDUL	ACC, {0}	ACC, @0x1
ADDUL_P_LOC32	ADDUL	P, {0}	P, @0x1
ADDU_ACC_LOC16	ADDU	ACC, {0}	ACC, @0x1
ADD_ACC_CONST16_SHIFT	ADD	ACC, {0} << {1:b}	ACC, #0x1 << 1
ADD_ACC_LOC16	ADD	ACC, {0}	ACC, @0x1
ADD_ACC_LOC16_SHIFT16	ADD	ACC, {0} << 16	ACC, @0x1 << 16
ADD_ACC_LOC16_SHIFT1_15	ADD	ACC, {0} << {1:b}	ACC, @0x1 << 1
ADD_ACC_LOC16_SHIFT_T	ADD	ACC, {0} << T	ACC, @0x1 << T
ADD_AX_LOC16	ADD	{0}, {1:@AH|AL}	AL, @0x1
ADD_LOC16_AX	ADD	{0}, {1}	@0x1, AL
ADD_LOC16_CONST16	ADD	{0}, {1:d}	@0x1, #1
ADRK_IMM8	ADRK	{0:d}	#1
ANDB_AX_CONST8	ANDB	{0}, {1}	AL, #0x1
AND_ACC_CONST16_SHIFT0_15	AND	ACC, {0} << {1:b}	ACC, #0x1 << 1
AND_ACC_IMM16_SHIFT16	AND	ACC, {0} << 16	ACC, #0x0001 << 16
AND_ACC_LOC16	AND	ACC, {0}	ACC, @0x1
AND_AX_LOC16	AND	{0}, {1:@AH|AL}	AL, @0x1
AND_AX_LOC16_CONST16	AND	{0}, {1}, {2}	AL, @0x1, #0x1
AND_IER_CONST16	AND	IER, {0}	IER, #0x0001
AND_IFR_CONST16	AND	IFR, {0}	IFR, #0x0001
AND_LOC16_AX	AND	{0}, {1}	@0x1, AL
AND_LOC16_CONST16	AND	{0}, {1}	@0x1, #0x0001
ASP	ASP		
ASR64_ACC_P_SHIFT	ASR64	ACC:P, {0:b}	ACC:P, 2
ASR64_ACC_P_T	ASR64	ACC:P, T	ACC:P, T
ASRL_ACC_T	ASRL	ACC, T	ACC, T
ASR_AX_SHIFT	ASR	{0}, {1:b}	AL, 2
ASR_AX_T	ASR	{0}, T	AL, T
B	B	{0:b}, {1}	1, EQ
BANZ	BANZ	{0}	1,AR1--
BAR_OFF16_ARN_ARM_EQ	BAR	{0:b}, {2}, {1}, EQ	1, AR1, AR1, EQ
BAR_OFF16_ARN_ARM_NEQ	BAR	{0:b}, {2}, {1}, NEQ	1, AR1, AR1, NEQ
BF	BF	{0:b}, {1}	1, EQ
CLRC_AMODE	CLRC	AMODE	AMODE
CLRC_M0M1MAP	CLRC	M0M1MAP	M0M1MAP
CLRC_MODE	CLRC	{0}	SXM
CLRC_OBJMODE	CLRC	OBJMODE	OBJMODE
CLRC_OVC	CLRC	OVC	OVC
CLRC_XF	CLRC	XF	XF
CMP64_ACC_P	CMP64	ACC:P	ACC:P
CMPB_AX_CONST8	CMPB	{0}, {1}	AL, #0x1
CMPF32_RAH_0	CMPF32	{0}, #0.0	R1H, #0.0
CMPF32_RAH_16FHI	CMPF32	{0}, {1}	R1H, #0x1
CMPF32_RAH_RBH	CMPF32	{0}, {1}	R1H, R1H
CMPL_ACC_LOC32	CMPL	ACC, {0}	ACC, @0x1
CMPL_ACC_P_SHIFT_PM	CMPL	ACC, P << PM	ACC, P << PM
CMPR_0	CMPR	0	0
CMPR_1	CMPR	1	1
CMPR_2	CMPR	2	2
CMPR_3	CMPR	3	3
CMP_AX_LOC16	CMP	{0}, {1:@AH|AL}	AL, @0x1
CMP_LOC16_CONST16	CMP	{0}, {1:d}	@0x1, #1
CSB_ACC	CSB	ACC	ACC
DEC_LOC16	DEC	{0}	@0x1
DMOV_LOC16	DMOV	{0}	@0x1
EALLOW	EALLOW		
EDIS	EDIS		
EINVF32_RAH_RBH	EINVF32	{0}, {1}	R1H, R1H
EISQRTF32_RAH_RBH	EISQRTF32	{0}, {1}	R1H, R1H
ESTOP0	ESTOP0		
ESTOP1	ESTOP1		
F32TOI16R_RAH_RBH	F32TOI16R	{0}, {1}	R1H, R1H
F32TOI16_RAH_RBH	F32TOI16	{0}, {1}	R1H, R1H
F32TOI32_RAH_RBH	F32TOI32	{0}, {1}	R1H, R1H
F32TOUI16R_RAH_RBH	F32TOUI16R	{0}, {1}	R1H, R1H
F32TOUI16_RAH_RBH	F32TOUI16	{0}, {1}	R1H, R1H
F32TOUI32_RAH_RBH	F32TOUI32	{0}, {1}	R1H, R1H
FFC	FFC	XAR7, {0}	XAR7, 0x000001
FLIP_AX	FLIP	{0}	AL
FRACF32_RAH_RBH	FRACF32	{0}, {1}	R1H, R1H
I16TOF32_RAH_MEM16	I16TOF32	{0}, {1}	R1H, @0x1
I16TOF32_RAH_RBH	I16TOF32	{0}, {1}	R1H, R1H
I32TOF32_RAH_MEM32	I32TOF32	{0}, {1}	R1H, @0x1
I32TOF32_RAH_RBH	I32TOF32	{0}, {1}	R1H, R1H
IACK_CONST16	IACK	{0}	#0x0001
IDLE	IDLE		
IMPYAL_P_XT_LOC32	IMPYAL	P, XT, {0}	P, XT, @0x1
IMPYL_ACC_XT_LOC32	IMPYL	ACC, XT, {0}	ACC, XT, @0x1
IMPYL_P_XT_LOC32	IMPYL	P, XT, {0}	P, XT, @0x1
IMPYSL_P_XT_LOC32	IMPYSL	P, XT, {0}	P, XT, @0x1
IMPYXUL_P_XT_LOC32	IMPYXUL	P, XT, {0}	P, XT, @0x1
INC_LOC16	INC	{0}	@0x1
INTR	INTR	{0}	INT2
INTR_EMUINT	INTR	EMU	EMU
INTR_NMI	INTR	NMI	NMI
IN_LOC16_PA	IN	{0}, {1}	@0x1, *(0x0001)
IRET	IRET		
ITRAP1	ITRAP1		
LB	LB	{0}	0x000001
LB_XAR7	LB	*XAR7	*XAR7
LC	LC	{0}	0x000001
LCR	LCR	{0}	0x000001
LCR_XARN	LCR	{0}	*XAR1
LC_XAR7	LC	*XAR7	*XAR7
LOOPNZ_LOC16_CONST16	LOOPNZ	{0}, {1}	@0x1, #0x0001
LOOPZ_LOC16_CONST16	LOOPZ	{0}, {1}	@0x1, #0x0001
LPADDR	SETC	AMODE	AMODE
LRET	LRET		
LRETE	LRETE		
LRETR	LRETR		
LSL64_ACC_P_SHIFT	LSL64	ACC:P, {0:b}	ACC:P, 2
LSL64_ACC_P_T	LSL64	ACC:P, T	ACC:P, T
LSLL_ACC_T	LSLL	ACC, T	ACC, T
LSL_ACC_SHIFT	LSL	ACC, {0:b}	ACC, 2
LSL_ACC_T	LSL	ACC, T	ACC, T
LSL_AX_SHIFT	LSL	{0}, {1:b}	AL, 2
LSL_AX_T	LSL	{0}, T	AL, T
LSR64_ACC_P_SHIFT	LSR64	ACC:P, {0:b}	ACC:P, 2
LSR64_ACC_P_T	LSR64	ACC:P, T	ACC:P, T
LSRL_ACC_T	LSRL	ACC, T	ACC, T
LSR_AX_SHIFT	LSR	{0}, {1:b}	AL, 2
LSR_AX_T	LSR	{0}, T	AL, T
MACF32_RAH_RBH_RCH	MPYF32	{0}, {1}, {2}	R1H, R1H, R1H
MAC_P_LOC16_XAR7	MAC	P, {0}, *XAR7	P, @0x1, *XAR7
MAC_P_LOC16_XAR7_POSTINC	MAC	P, {0}, *XAR7++	P, @0x1, *XAR7++
MAXCUL_P_LOC32	MAXCUL	P, {0}	P, @0x1
MAXF32_RAH_16FHI	MAXF32	{0}, {1}	R1H, #0x1
MAXF32_RAH_RBH	MAXF32	{0}, {1}	R1H, R1H
MAXL_ACC_LOC32	MAXL	ACC, {0}	ACC, @0x1
MAX_AX_LOC16	MAX	{0}, {1:@AH|AL}	AL, @0x1
MINCUL_P_LOC32	MINCUL	P, {0}	P, @0x1
MINF32_RAH_RBH	MINF32	{0}, {1}	R1H, R1H
MINL_ACC_LOC32	MINL	ACC, {0}	ACC, @0x1
MIN_AX_LOC16	MIN	{0}, {1:@AH|AL}	AL, @0x1
MOV32_ADDR16_LOC32	VMOV32	{0}, {1}	*(0:0x0001), @0x1
MOV32_LOC32_ADDR16	VMOV32	{0}, {1}	@0x1, *(0:0x0001)
MOV32_MEM32_RAH	MOV32	{0}, {1}	@0x1, R1H
MOV32_MEM32_STF	MOV32	{0}, STF	@0x1, STF
MOV32_RAH_MEM32	MOV32	{0}, {1}, {2}	R1H, @0x1, EQ
MOV32_RAH_RBH	MOV32	{0}, {1}, {2}	R1H, R1H, EQ
MOV32_STF_MEM32	MOV32	STF, {0}	STF, @0x1
MOVAD_T_LOC16	MOVAD	T, {0:@T}	T, @0x1
MOVA_T_LOC16	MOVA	T, {0}	T, @0x1
MOVB_ACC_CONST8	MOVB	ACC, {0:d}	ACC, #1
MOVB_AR6_CONST8	MOVB	AR6, {0}	AR6, #0x1
MOVB_AR7_CONST8	MOVB	AR7, {0}	AR7, #0x1
MOVB_AXLSB_LOC16	MOVB	{0}, {1}	AL.LSB, @0x1
MOVB_AXMSB_LOC16	MOVB	{0}, {1}	AL.MSB, @0x1
MOVB_AX_CONST8	MOVB	{0}, {1}	AL, #0x1
MOVB_LOC16_AXLSB	MOVB	{0}, {1}	@0x1, AL.LSB
MOVB_LOC16_AXMSB	MOVB	{0}, {1}	@0x1, AL.MSB
MOVB_LOC16_CONST8_COND	MOVB	{0}, {1}, {2}	@0x1, #0x01, EQ
MOVB_XAR0_CONST8	MOVB	XAR0, {0}	XAR0, #0x1
MOVB_XAR1_CONST8	MOVB	XAR1, {0}	XAR1, #0x1
MOVB_XAR2_CONST8	MOVB	XAR2, {0}	XAR2, #0x1
MOVB_XAR3_CONST8	MOVB	XAR3, {0}	XAR3, #0x1
MOVB_XAR4_CONST8	MOVB	XAR4, {0}	XAR4, #0x1
MOVB_XAR5_CONST8	MOVB	XAR5, {0}	XAR5, #0x1
MOVB_XAR6_CONST8	MOVB	XAR6, {0}	XAR6, #0x01
MOVB_XAR7_CONST8	MOVB	XAR7, {0}	XAR7, #0x01
MOVDL_XT_LOC32	MOVDL	XT, {0}	XT, @0x1
MOVH_LOC16_ACC_SHIFT1	MOVH	{0}, ACC << 1	@0x1, ACC << 1
MOVH_LOC16_ACC_SHIFT2_8_OBJMODE_1	MOVH	{0}, ACC << {1:b}	@0x1, ACC << 2
MOVH_LOC16_P	MOVH	{0}, P	@0x1, P
MOVIZ	MOVIZ	{0}, {1}	R1, #0x1
MOVL_ACC_LOC32	MOVL	ACC, {0}	ACC, @0x1
MOVL_LOC32_ACC	MOVL	{0}, ACC	@0x1, ACC
MOVL_LOC32_ACC_COND	MOVL	{0}, ACC, {1}	@0x1, ACC, EQ
MOVL_LOC32_P	MOVL	{0}, P	@0x1, P
MOVL_LOC32_XAR0	MOVL	{0}, XAR0	@0x1, XAR0
MOVL_LOC32_XAR1	MOVL	{0}, XAR1	@0x1, XAR1
MOVL_LOC32_XAR2	MOVL	{0}, XAR2	@0x1, XAR2
MOVL_LOC32_XAR3	MOVL	{0}, XAR3	@0x1, XAR3
MOVL_LOC32_XAR4	MOVL	{0}, XAR4	@0x1, XAR4
MOVL_LOC32_XAR5	MOVL	{0}, XAR5	@0x1, XAR5
MOVL_LOC32_XAR6	MOVL	{0}, XAR6	@0x1, XAR6
MOVL_LOC32_XAR7	MOVL	{0}, XAR7	@0x1, XAR7
MOVL_LOC32_XT	MOVL	{0}, XT	@0x1, XT
MOVL_P_ACC	MOVL	P, ACC	P, ACC
MOVL_P_LOC32	MOVL	P, {0}	P, @0x1
MOVL_XAR0_CONST22	MOVL	XAR0, {0}	XAR0, #0x000001
MOVL_XAR0_LOC32	MOVL	XAR0, {0}	XAR0, @0x1
MOVL_XAR1_CONST22	MOVL	XAR1, {0}	XAR1, #0x000001
MOVL_XAR1_LOC32	MOVL	XAR1, {0}	XAR1, @0x1
MOVL_XAR2_CONST22	MOVL	XAR2, {0}	XAR2, #0x000001
MOVL_XAR2_LOC32	MOVL	XAR2, {0}	XAR2, @0x1
MOVL_XAR3_CONST22	MOVL	XAR3, {0}	XAR3, #0x000001
MOVL_XAR3_LOC32	MOVL	XAR3, {0}	XAR3, @0x1
MOVL_XAR4_CONST22	MOVL	XAR4, {0}	XAR4, #0x000001
MOVL_XAR4_LOC32	MOVL	XAR4, {0}	XAR4, @0x1
MOVL_XAR5_CONST22	MOVL	XAR5, {0}	XAR5, #0x000001
MOVL_XAR5_LOC32	MOVL	XAR5, {0}	XAR5, @0x1
MOVL_XAR6_CONST22	MOVL	XAR6, {0}	XAR6, #0x000001
MOVL_XAR6_LOC32	MOVL	XAR6, {0:@XAR6|XAR7}	XAR6, @0x1
MOVL_XAR7_CONST22	MOVL	XAR7, {0}	XAR7, #0x000001
MOVL_XAR7_LOC32	MOVL	XAR7, {0:@XAR6|XAR7}	XAR7, @0x1
MOVL_XT_LOC32	MOVL	XT, {0}	XT, @0x1
MOVP_T_LOC16	MOVP	T, {0}	T, @0x1
MOVST0	MOVST0	{0}	LVF
MOVS_T_LOC16	MOVS	T, {0}	T, @0x1
MOVU_ACC_LOC16	MOVU	ACC, {0}	ACC, @0x1
MOVU_LOC16_OVC	MOVU	{0}, OVC	@0x1, OVC
MOVW_DP_CONST16	MOVW	DP, {0}	DP, #0x1
MOVXI	MOVXI	{0}, {1}	R1H, #0x1
MOVX_TL_LOC16	MOVX	TL, {0}	TL, @0x1
MOVZ_AR0_LOC16	MOVZ	AR0, {0:@AR0|AR1|AR2|AR3|AR4|AR5}	AR0, @0x1
MOVZ_AR1_LOC16	MOVZ	AR1, {0:@AR0|AR1|AR2|AR3|AR4|AR5}	AR1, @0x1
MOVZ_AR2_LOC16	MOVZ	AR2, {0:@AR0|AR1|AR2|AR3|AR4|AR5}	AR2, @0x1
MOVZ_AR3_LOC16	MOVZ	AR3, {0:@AR0|AR1|AR2|AR3|AR4|AR5}	AR3, @0x1
MOVZ_AR4_LOC16	MOVZ	AR4, {0:@AR0|AR1|AR2|AR3|AR4|AR5}	AR4, @0x1
MOVZ_AR5_LOC16	MOVZ	AR5, {0:@AR0|AR1|AR2|AR3|AR4|AR5}	AR5, @0x1
MOVZ_AR6_LOC16	MOVZ	AR6, {0}	AR6, @0x1
MOVZ_AR7_LOC16	MOVZ	AR7, {0}	AR7, @0x1
MOVZ_DP_CONST10	MOVZ	DP, {0}	DP, #0x1
MOV_ACC_CONST16_SHIFT	MOV	ACC, {0} << {1:b}	ACC, #0x1 << 1
MOV_ACC_LOC16	MOV	ACC, {0}	ACC, @0x1
MOV_ACC_LOC16_SHIFT16	MOV	ACC, {0} << 16	ACC, @0x1 << 16
MOV_ACC_LOC16_SHIFT1_15_OBJMODE1	MOV	ACC, {0} << {1:b}	ACC, @0x1 << 1
MOV_ACC_LOC16_SHIFT_T	MOV	ACC, {0} << T	ACC, @0x1 << T
MOV_AR6_LOC16	MOV	AR6, {0:@AR0|AR1|AR2|AR3|AR4|AR5}	AR6, @0x1
MOV_AR7_LOC16	MOV	AR7, {0:@AR0|AR1|AR2|AR3|AR4|AR5}	AR7, @0x1
MOV_AX_LOC16	MOV	{0}, {1:@AH|AL}	AL, @0x1
MOV_DP_CONST10	MOV	DP, {0}	DP, #0x1
MOV_IER_LOC16	MOV	IER, {0}	IER, @0x1
MOV_LOC16_0	MOV	{0}, #0	@0x1, #0
MOV_LOC16_ACC_SHIFT1	MOV	{0}, ACC << 1	@0x1, ACC << 1
MOV_LOC16_ACC_SHIFT2_8_OBJMODE_1	MOV	{0}, ACC << {1:b}	@0x1, ACC << 2
MOV_LOC16_ARN	MOV	{0}, {1}	@0x1, AR1
MOV_LOC16_AX	MOV	{0}, {1}	@0x1, AL
MOV_LOC16_AX_COND	MOV	{0}, {1}, {2}	@0x1, AL, EQ
MOV_LOC16_CONST16	MOV	{0}, {1}	@0x1, #0x0001
MOV_LOC16_IER	MOV	{0}, IER	@0x1, IER
MOV_LOC16_MEM16	MOV	{0}, {1}	@0x1, *(0:0x0001)
MOV_LOC16_OVC	MOV	{0}, OVC	@0x1, OVC
MOV_LOC16_P	MOV	{0}, P	@0x1, P
MOV_LOC16_T	MOV	{0}, T	@0x1, T
MOV_MEM16_LOC16	MOV	{1}, {0}	*(0:0x0001), @0x1
MOV_OVC_LOC16	MOV	OVC, {0}	OVC, @0x1
MOV_PH_LOC16	MOV	PH, {0}	PH, @0x1
MOV_PL_LOC16	MOV	PL, {0}	PL, @0x1
MOV_PM_AX	MOV	PM, {0}	PM, AL
MOV_TL_0	MOV	TL, #0	TL, #0
MOV_T_LOC16	MOV	T, {0:@T}	T, @0x1
MOV_XARN_PC	MOV	{0}, PC	XAR1, PC
MPYA_P_LOC16_CONST16	MPYA	P, {0}, {1:d}	P, @0x1, #1
MPYA_P_T_LOC16	MPYA	P, T, {0}	P, T, @0x1
MPYB_ACC_T_CONST8	MPYB	ACC, T, {0:d}	ACC, T, #1
MPYB_P_T_CONST8	MPYB	P, T, {0:d}	P, T, #1
MPYF32_ADDF32_PAR	MPYF32	{0}, {1}, {2}	R1H, R1H, R1H
MPYF32_MOV32_LOAD	MPYF32	{0}, {1}, {2}	R1H, R1H, R1H
MPYF32_MOV32_STORE	MPYF32	{0}, {1}, {2}	R1H, R1H, R1H
MPYF32_RAH_16FHI_RBH	MPYF32	{0}, {2}, {1}	R1H, #0x1, R1H
MPYF32_RAH_RBH_RCH	MPYF32	{0}, {1}, {2}	R1H, R1H, R1H
MPYS_P_T_LOC16	MPYS	P, T, {0}	P, T, @0x1
MPYU_ACC_T_LOC16	MPYU	ACC, T, {0}	ACC, T, @0x1
MPYU_P_T_LOC16	MPYU	P, T, {0}	P, T, @0x1
MPYXU_ACC_T_LOC16	MPYXU	ACC, T, {0}	ACC, T, @0x1
MPYXU_P_T_LOC16	MPYXU	P, T, {0}	P, T, @0x1
MPY_ACC_LOC16_CONST16	MPY	ACC, {0}, {1:d}	ACC, @0x1, #1
MPY_ACC_T_LOC16	MPY	ACC, T, {0}	ACC, T, @0x1
MPY_P_LOC16_CONST16	MPY	P, {0}, {1:d}	P, @0x1, #1
MPY_P_T_LOC16	MPY	P, T, {0}	P, T, @0x1
NASP	NASP		
NEG64_ACC_P	NEG64	ACC:P	ACC:P
NEGF32_RAH_RBH	NEGF32	{0}, {1}, {2}	R1H, R1H, EQ
NEGTC_ACC	NEGTC	ACC	ACC
NEG_ACC	NEG	ACC	ACC
NEG_AX	NEG	{0}	AL
NOP	NOP		
NOP_ZERO	ITRAP0		
NORM_ACC_IND	NORM	ACC, *	ACC, *
NORM_ACC_XARN_POSTDEC	NORM	ACC, {0}	ACC, XAR1--
NORM_ACC_XARN_POSTINC	NORM	ACC, {0}	ACC, XAR1++
NOT_ACC	NOT	ACC	ACC
NOT_AX	NOT	{0}	AL
ORB_AX_CONST8	ORB	{0}, {1}	AL, #0x1
OR_ACC_CONST16_SHIFT0_15	OR	ACC, {0} << {1:b}	ACC, #0x1 << 1
OR_ACC_LOC16	OR	ACC, {0}	ACC, @0x1
OR_AX_LOC16	OR	{0}, {1:@AH|AL}	AL, @0x1
OR_IER_CONST16	OR	IER, {0}	IER, #0x0001
OR_IFR_CONST16	OR	IFR, {0}	IFR, #0x0001
OR_LOC16_AX	OR	{0}, {1}	@0x1, AL
OR_LOC16_CONST16	OR	{0}, {1}	@0x1, #0x0001
OUT_PA_LOC16	OUT	{0}, {1}	*(0x0001), @0x1
POP_AR1H_AR0H	POP	AR1H:AR0H	AR1H:AR0H
POP_AR1_AR0	POP	AR1:AR0	AR1:AR0
POP_AR3_AR2	POP	AR3:AR2	AR3:AR2
POP_AR5_AR4	POP	AR5:AR4	AR5:AR4
POP_DBGIER	POP	DBGIER	DBGIER
POP_DP	POP	DP	DP
POP_DP_ST1	POP	DP:ST1	DP:ST1
POP_IFR	POP	IFR	IFR
POP_LOC16	POP	{0}	@0x1
POP_P	POP	P	P
POP_RB	POP	RB	RB
POP_RPC	POP	RPC	RPC
POP_ST0	POP	ST0	ST0
POP_ST1	POP	ST1	ST1
POP_T_ST0	POP	T:ST0	T:ST0
POP_XT	MOVL	XT, *--SP	XT, *--SP
PREAD_LOC16_XAR7	PREAD	{0}, *XAR7	@0x1, *XAR7
PUSH_AR1H_AR0H	PUSH	AR1H:AR0H	AR1H:AR0H
PUSH_AR1_AR0	PUSH	AR1:AR0	AR1:AR0
PUSH_AR3_AR2	PUSH	AR3:AR2	AR3:AR2
PUSH_AR5_AR4	PUSH	AR5:AR4	AR5:AR4
PUSH_DBGIER	PUSH	DBGIER	DBGIER
PUSH_DP	PUSH	DP	DP
PUSH_DP_ST1	PUSH	DP:ST1	DP:ST1
PUSH_IFR	PUSH	IFR	IFR
PUSH_LOC16	PUSH	{0}	@0x1
PUSH_P	PUSH	P	P
PUSH_RB	PUSH	RB	RB
PUSH_RPC	PUSH	RPC	RPC
PUSH_ST0	PUSH	ST0	ST0
PUSH_ST1	PUSH	ST1	ST1
PUSH_T_ST0	PUSH	T:ST0	T:ST0
PUSH_XT	MOVL	*SP++, XT	*SP++, XT
PWRITE_XAR7_LOC16	PWRITE	*XAR7, {0}	*XAR7, @0x1
QMPYAL_P_XT_LOC32	QMPYAL	P, XT, {0}	P, XT, @0x1
QMPYL_ACC_XT_LOC32	QMPYL	ACC, XT, {0}	ACC, XT, @0x1
QMPYL_P_XT_LOC32	QMPYL	P, XT, {0}	P, XT, @0x1
QMPYSL_P_XT_LOC32	QMPYSL	P, XT, {0}	P, XT, @0x1
QMPYUL_P_XT_LOC32	QMPYUL	P, XT, {0}	P, XT, @0x1
QMPYXUL_P_XT_LOC32	QMPYXUL	P, XT, {0}	P, XT, @0x1
ROL_ACC	ROL	ACC	ACC
ROR_ACC	ROR	ACC	ACC
RPTB	RPTB	{0}, {1}	#$+3, @0x1
RPTB_IMM	RPTB	{0}, {1}	#$+3, #0x1
RPT_CONST8	RPT	{0:d}	#1
RPT_LOC16	RPT	{0}	@0x1
SAT64_ACC_P	SAT64	ACC:P	ACC:P
SAT_ACC	SAT	ACC	ACC
SB	SB	{0:b}, {1}	1, EQ
SBBU_ACC_LOC16	SBBU	ACC, {0}	ACC, @0x1
SBF	SBF	{0:b}, EQ	1, EQ
SBRK_CONST8	SBRK	{0:d}	#1
SETC_M0M1MAP	SETC	M0M1MAP	M0M1MAP
SETC_MODE	SETC	{0}	SXM
SETC_OBJMODE	SETC	OBJMODE	OBJMODE
SETC_XF	SETC	XF	XF
SETFLG	SETFLG		
SFR_ACC_SHIFT	SFR	ACC, {0:b}	ACC, 2
SFR_ACC_T	SFR	ACC, T	ACC, T
SPM_SHIFT	SPM	{0:d}	#0
SQRA_LOC16	SQRA	{0}	@0x1
SQRS_LOC16	SQRS	{0}	@0x1
SUBBL_ACC_LOC32	SUBBL	ACC, {0}	ACC, @0x1
SUBB_ACC_CONST8	SUBB	ACC, {0:d}	ACC, #1
SUBB_SP_CONST7	SUBB	SP, {0:d}	SP, #1
SUBB_XARN_CONST7	SUBB	{0}, {1:d}	XAR1, #1
SUBCUL_ACC_LOC32	SUBCUL	ACC, {0}	ACC, @0x1
SUBCU_ACC_LOC16	SUBCU	ACC, {0}	ACC, @0x1
SUBF32_MOV32_LOAD	SUBF32	{0}, {1}, {2}	R1H, R1H, R1H
SUBF32_MOV32_STORE	SUBF32	{0}, {1}, {2}	R1H, R1H, R1H
SUBF32_RAH_16FHI_RBH	SUBF32	{0}, {2}, {1}	R1H, #0x1, R1H
SUBF32_RAH_RBH_RCH	SUBF32	{0}, {1}, {2}	R1H, R1H, R1H
SUBL_ACC_LOC32	SUBL	ACC, {0}	ACC, @0x1
SUBL_LOC32_ACC	SUBL	{0}, ACC	@0x1, ACC
SUBRL_LOC32_ACC	SUBRL	{0}, ACC	@0x1, ACC
SUBR_LOC16_AX	SUBR	{0}, {1}	@0x1, AL
SUBUL_ACC_LOC32	SUBUL	ACC, {0}	ACC, @0x1
SUBUL_P_LOC32	SUBUL	P, {0}	P, @0x1
SUBU_ACC_LOC16	SUBU	ACC, {0}	ACC, @0x1
SUB_ACC_CONST16_SHIFT	SUB	ACC, {0} << {1:b}	ACC, #0x1 << 1
SUB_ACC_LOC16	SUB	ACC, {0}	ACC, @0x1
SUB_ACC_LOC16_SHIFT16	SUB	ACC, {0} << 16	ACC, @0x1 << 16
SUB_ACC_LOC16_SHIFT1_15_OBJMODE1	SUB	ACC, {0} << {1:b}	ACC, @0x1 << 1
SUB_ACC_LOC16_SHIFT_T	SUB	ACC, {0} << T	ACC, @0x1 << T
SUB_AX_LOC16	SUB	{0}, {1:@AH|AL}	AL, @0x1
SUB_LOC16_AX	SUB	{0}, {1}	@0x1, AL
SWAPF_RAH_RBH	SWAPF	{0}, {1}, {2}	R1, R1, EQ
TBIT_LOC16_BIT	TBIT	{0}, {1}	@0x1, #0x1
TBIT_LOC16_T	TBIT	{0}, T	@0x1, T
TCLR_LOC16_BIT	TCLR	{0}, {1}	@0x1, #0x1
TEST_ACC	TEST	ACC	ACC
TRAP	TRAP	{0:d}	#1
TSET_LOC16_BIT	TSET	{0}, {1}	@0x1, #0x1
UI16TOF32_RAH_MEM16	UI16TOF32	{0}, {1}	R1H, @0x1
UI16TOF32_RAH_RBH	UI16TOF32	{0}, {1}	R1H, R1H
UI32TOF32_RAH_MEM32	UI32TOF32	{0}, {1}	R1H, @0x1
UI32TOF32_RAH_RBH	UI32TOF32	{0}, {1}	R1H, R1H
UOUT_PA_LOC16	UOUT	{0}, {1}	*(0x0001), @0x1
XB_AL	XB	*AL	*AL
XB_PMA_COND	XB	{0}, {1}	0x0001, EQ
XCALL_AL	XCALL	*AL	*AL
XCALL_PMA_COND	XCALL	{0}, {1}	0x0001, EQ
XMACD_P_LOC16_PMA	XMACD	P, {0}, {1}	P, @0x1, *(0x0001)
XMAC_P_LOC16_PMA	XMAC	P, {0}, {1}	P, @0x1, *(0x0001)
XORB_AX_CONST8	XORB	{0}, {1}	AL, #0x1
XOR_ACC_CONST16_SHIFT0_15	XOR	ACC, {0} << {1:b}	ACC, #0x1 << 1
XOR_ACC_LOC16	XOR	ACC, {0}	ACC, @0x1
XOR_AX_LOC16	XOR	{0}, {1:@AH|AL}	AL, @0x1
XOR_LOC16_AX	XOR	{0}, {1}	@0x1, AL
XOR_LOC16_CONST16	XOR	{0}, {1}	@0x1, #0x0001
XPREAD_LOC16_AL	XPREAD	{0}, *AL	@0x1, *AL
XPREAD_LOC16_PMA	XPREAD	{0}, {1}	@0x1, *(0x0001)
XPWRITE_AL_LOC16	XPWRITE	*AL, {0}	*AL, @0x1
XRETC_COND	XRETC	{0}	EQ
ZALR_ACC_LOC16	ZALR	ACC, {0}	ACC, @0x1
ZAPA	ZAPA		
ZERO	ZERO	{0}	R1
